reference_name,steps,terminated,success,mean_reward,mean_pos_error,max_pos_error,final_pos_error,mean_yaw_error_deg,final_yaw_error_deg,final_along_track_error,final_lateral_error
circle_radius5_dt0.004,300.0,0.0,0.0,-9.240163627880445,1.814368511363864,2.7939565181732178,2.678283929824829,81.57079106641923,99.28613790976696,-1.5953803062438965,-1.7183246612548828
figure8_size10_dt0.004,300.0,0.0,0.0,-5.9335851414188845,1.5260433905944228,2.2455320358276367,1.6681764125823975,82.82120571285182,115.04830628041499,-0.20608872175216675,-1.2666676044464111
mixed_trajectory_001,300.0,0.0,0.0,-4.605363942580556,1.5274912271027763,2.3147404193878174,1.4898524284362793,83.01799382925546,120.55590425872369,-1.0665444135665894,0.12937888503074646
s_curve_length20_dt0.004,300.0,0.0,0.0,-4.659694827131062,1.4225695151649416,2.36521577835083,1.5897399187088013,82.94205596511758,116.54101923340271,0.8212247490882874,-0.8867976069450378
sine_amplitude2_dt0.004,300.0,0.0,0.0,-6.467747870077295,1.7653067163750529,3.117309808731079,2.3400838375091553,82.9975462470934,120.54337624778864,-2.095982551574707,-0.11472202837467194
straight_length100_dt0.004,300.0,0.0,0.0,-6.3822895893149205,1.754512725857397,3.1007919311523438,2.3079030513763428,83.02464230988092,120.75808285368544,-2.0612220764160156,0.13034819066524506
