reference_name,steps,terminated,success,initial_pos_error,mean_reward,mean_pos_error,max_pos_error,final_pos_error,mean_yaw_error_deg,final_yaw_error_deg,mean_loss,max_abs_steer,max_throttle,action_saturation_rate
circle_radius5_dt0.004,101,True,False,0.4739769697189331,-0.13832329781250918,0.9655514415537957,2.006711721420288,2.006711721420288,6.263324430969712,0.02233344524879044,0.13832329781250918,0.3619600236415863,0.11572272330522537,0.1188118811881188
figure8_size10_dt0.004,117,True,False,0.20285044610500336,-0.1140597163340659,0.850033575653011,2.033499002456665,2.033499002456665,6.132157362156336,11.06984425206042,0.1140597163340659,0.316792756319046,0.10622888803482056,0.06837606837606838
mixed_trajectory_001,115,True,False,0.3157084286212921,-0.15708325647040902,1.1147385729395825,2.0066983699798584,2.0066983699798584,3.4982276516453696,3.159748448065983,0.15708325647040902,0.26658016443252563,0.11021418124437332,0.05217391304347826
s_curve_length20_dt0.004,111,True,False,0.5170300006866455,-0.16373995720378187,1.0563595021093213,2.0167126655578613,2.0167126655578613,8.460905205233656,10.766255508627125,0.16373995720378187,0.21488887071609497,0.10443653166294098,0.009009009009009009
sine_amplitude2_dt0.004,110,True,False,0.4743773937225342,-0.1493236904593017,1.095086962797425,2.0063817501068115,2.0063817501068115,3.2661641709027096,3.230528716584047,0.1493236904593017,0.20496489107608795,0.11162901669740677,0.03636363636363636
straight_length100_dt0.004,121,True,False,0.6506142616271973,-0.15386757720728578,1.1034914619666485,2.003281354904175,2.003281354904175,3.2716275171320786,3.7783409709066973,0.15386757720728578,0.25533074140548706,0.09953196346759796,0.0
