reference_name,steps,terminated,success,initial_pos_error,mean_reward,mean_pos_error,max_pos_error,final_pos_error,mean_yaw_error_deg,final_yaw_error_deg,mean_loss,max_abs_steer,max_throttle,action_saturation_rate
circle_radius5_dt0.004,144,True,False,0.40083837509155273,-0.20391065033906242,1.212946383489503,2.000869035720825,2.000869035720825,7.1471153055253,12.58493068338251,0.20391065033906242,0.3099808692932129,0.11492843180894852,0.04861111111111111
figure8_size10_dt0.004,146,True,False,0.41320565342903137,-0.198464975769085,1.1510758826585665,2.006633758544922,2.006633758544922,8.400880119016993,3.3425132526556354,0.198464975769085,0.21693439781665802,0.08933155238628387,0.0
mixed_trajectory_001,143,True,False,0.5008729696273804,-0.15243098026921034,1.021520166963964,2.016268491744995,2.016268491744995,7.208559152787882,13.259297629111586,0.15285129009125284,0.1768508106470108,0.04988522455096245,0.0
s_curve_length20_dt0.004,160,True,False,0.46259331703186035,-0.18423247508052604,1.0945262970402836,2.0025529861450195,2.0025529861450195,9.727929025648406,10.263812190281158,0.18423247508052604,0.20065927505493164,0.05544949322938919,0.0
sine_amplitude2_dt0.004,97,True,False,0.49564775824546814,-0.18541255708094875,1.2081794873955323,2.0037975311279297,2.0037975311279297,4.41966720786131,4.726396551822489,0.18541255708094875,0.2303416132926941,0.07747442275285721,0.0
straight_length100_dt0.004,136,True,False,0.49111708998680115,-0.12714210191246392,0.9698341017698541,2.0085816383361816,2.0085816383361816,4.536650544686798,9.762220012400519,0.12791051166951709,0.21330904960632324,0.05710936710238457,0.0
