episode,mean_reward,mean_pos_error
40.0,-0.33242053912153813,1.2313984632492065
80.0,-0.47049471308530927,1.4323652982711792
120.0,-0.4309505230884805,1.334959864616394
