reference_name,steps,terminated,success,initial_pos_error,mean_reward,mean_pos_error,max_pos_error,final_pos_error,mean_yaw_error_deg,final_yaw_error_deg,mean_loss,max_abs_steer,max_throttle,action_saturation_rate
circle_radius5_dt0.004,38,True,False,0.0,-0.1308836142632774,0.997942275612762,2.0405712127685547,2.0405712127685547,1.8216196199984065,3.8289744585057974,0.1308836142632774,0.011832752265036106,0.11985433846712112,0.9736842105263158
figure8_size10_dt0.004,64,True,False,0.0,-0.166004489502991,1.1462388818035834,2.0067219734191895,2.0067219734191895,2.54021721001599,3.881260066128249,0.166004489502991,0.005809805355966091,0.1198207288980484,0.984375
mixed_trajectory_001,502,True,False,0.0,-0.11074760865155854,0.9264905254516113,2.009561777114868,2.009561777114868,3.864893241780888,4.151897742027018,0.11894430020489329,0.0034752145875245333,0.1198376789689064,0.99800796812749
s_curve_length20_dt0.004,340,True,False,0.0,-0.17012568278198792,1.1008028721655994,2.0092554092407227,2.0092554092407227,3.6711229543749346,4.195491740027478,0.1749263572590322,0.004831300582736731,0.11982184648513794,0.9970588235294118
sine_amplitude2_dt0.004,829,False,False,0.0,-0.054405958578659284,0.618656486841267,0.7911933064460754,0.7453600764274597,3.8065725146434106,3.921330148975102,0.054405958578659284,0.0004985713167116046,0.11982277035713196,0.9987937273823885
straight_length100_dt0.004,729,True,False,0.0,-0.13077785527631905,0.9938585994783048,2.001739740371704,2.001739740371704,3.8981240846537872,4.116680989696249,0.13077785527631905,0.0024394686333835125,0.1198287382721901,0.9986282578875172
