reference_name,steps,terminated,success,initial_pos_error,mean_reward,mean_pos_error,max_pos_error,final_pos_error,mean_yaw_error_deg,final_yaw_error_deg,mean_loss,max_abs_steer,max_throttle,action_saturation_rate
circle_radius5_dt0.004,159,True,False,0.4439539611339569,-0.15136879992084554,1.1131866564915616,2.0076310634613037,2.0076310634613037,2.1178895596107057,0.8372872681406989,0.15136879992084554,0.27847808599472046,0.05410372465848923,0.0
figure8_size10_dt0.004,145,True,False,0.3030403256416321,-0.1520165340787926,1.109370515469847,2.0095152854919434,2.0095152854919434,2.261109162095762,4.205813410048194,0.1520165340787926,0.23300571739673615,0.05556477606296539,0.0
mixed_trajectory_001,120,True,False,0.3277776539325714,-0.1663776100249182,1.1250155386825402,2.011667251586914,2.011667251586914,4.833567040758587,12.005907618185972,0.1663776100249182,0.3171898126602173,0.0611826591193676,0.0
s_curve_length20_dt0.004,173,True,False,0.2403089553117752,-0.13484769708954006,1.03556267934383,2.0113203525543213,2.0113203525543213,2.351137086702556,1.2469450233553516,0.13491488424617595,0.17313647270202637,0.05145038291811943,0.0
sine_amplitude2_dt0.004,104,True,False,0.2892936170101166,-0.157074537423566,1.116216163795728,2.010955572128296,2.010955572128296,3.3390508332546043,9.251284041988896,0.157074537423566,0.32650554180145264,0.05545412749052048,0.0
straight_length100_dt0.004,115,True,False,0.2775995433330536,-0.14606111219989917,1.0465074292991472,2.0083494186401367,2.0083494186401367,4.48982381697213,11.095614564471816,0.14606119210899576,0.31431788206100464,0.059266719967126846,0.0
