episode,mean_reward,mean_pos_error
1.0,-0.45338528654939847,0.6012299656867981
