episode,steps,episode_reward,avg_pos_error,actor_loss,critic_loss,alpha
1.0,5.0,9.64351278442561,0.06149849966168404,-0.7437975220382214,4.63043075799942,0.0998799055814743
