epoch,train_loss
1.0,0.01325102967772788
2.0,0.012600501841613246
3.0,0.006274802176145992
4.0,0.006036871302057989
5.0,0.007917753161564178
6.0,0.004621436074254841
