reference_name,steps,terminated,success,initial_pos_error,mean_reward,mean_pos_error,max_pos_error,final_pos_error,mean_yaw_error_deg,final_yaw_error_deg,mean_loss,max_abs_steer,max_throttle,action_saturation_rate
circle_radius5_dt0.004,39,True,False,0.3968340754508972,-0.15135817380983685,0.990624949718133,2.002458333969116,2.002458333969116,7.585466979508953,9.239783734823249,0.15184142935666342,0.4238291084766388,0.11886715143918991,0.717948717948718
figure8_size10_dt0.004,42,True,False,0.43102914094924927,-0.12372952943463264,0.6273864330280394,1.3679957389831543,1.3679957389831543,11.565299147270174,31.634573325725,0.12773067133296667,0.44779127836227417,0.11764094233512878,0.5952380952380952
mixed_trajectory_001,625,True,False,0.36863529682159424,-0.10111339392999684,0.8206187421083451,2.0041840076446533,2.0041840076446533,5.131286832668696,20.439362576287493,0.10310749634603535,0.3525257110595703,0.11851798743009567,0.3152
s_curve_length20_dt0.004,51,True,False,0.44175347685813904,-0.18408895685844834,0.9673318675920075,1.4878019094467163,1.4878019094467163,11.796285055508767,31.632722027561954,0.18408895685844834,0.4397253692150116,0.1174301952123642,0.29411764705882354
sine_amplitude2_dt0.004,42,True,False,0.5493038892745972,-0.18487579371412682,0.9271270632743835,1.3665120601654053,1.3665120601654053,12.734745149920233,32.07460312949024,0.18487579371412682,0.4269486367702484,0.11961105465888977,0.30952380952380953
straight_length100_dt0.004,829,False,False,0.6270862817764282,-0.09060715379000671,0.8004949058353253,0.9638413786888123,0.963824987411499,2.569363713620253,0.1854842601713358,0.09079950024352959,0.4335564970970154,0.11967410892248154,0.8829915560916767
