reference_name,steps,terminated,success,initial_pos_error,mean_reward,mean_pos_error,max_pos_error,final_pos_error,mean_yaw_error_deg,final_yaw_error_deg,mean_loss,max_abs_steer,max_throttle,action_saturation_rate
circle_radius5_dt0.004,39,True,False,0.4923897683620453,-0.2892331972071193,1.1709040739597418,1.8897451162338257,1.8897451162338257,17.3116533909525,30.158753111007826,0.2892331972071193,0.44999998807907104,0.11999999731779099,0.23076923076923078
figure8_size10_dt0.004,28,True,False,0.2311745434999466,-0.20291751150464124,1.1249123854296548,2.046300172805786,2.046300172805786,9.74190683904202,20.816489999801604,0.20291751150464124,0.44538450241088867,0.11999999731779099,0.75
mixed_trajectory_001,35,True,False,0.34289342164993286,-0.1805867469329591,1.1245785185268946,2.015770196914673,2.015770196914673,8.381168931253049,6.876187864048774,0.1805867469329591,0.24149665236473083,0.11999999731779099,1.0
s_curve_length20_dt0.004,41,True,False,0.4118863642215729,-0.13113043256754603,0.9672533695290728,2.0037448406219482,2.0037448406219482,4.915238803220242,6.788835889047505,0.13113043256754603,0.44999998807907104,0.11999999731779099,1.0
sine_amplitude2_dt0.004,35,True,False,0.44418391585350037,-0.17612889890784977,1.178168318101338,2.0166313648223877,2.0166313648223877,3.416329163694535,3.945173053486542,0.17612889890784977,0.44999998807907104,0.11999999731779099,1.0
straight_length100_dt0.004,43,True,False,0.5606999397277832,-0.17232765548229756,1.0085187311782393,2.048030376434326,2.048030376434326,10.017827225907597,8.656788804173715,0.17232765548229756,0.44999998807907104,0.11999999731779099,0.9767441860465116
