reference_name,steps,terminated,success,mean_reward,mean_pos_error,max_pos_error,final_pos_error,mean_yaw_error_deg,final_yaw_error_deg,final_along_track_error,final_lateral_error
circle_radius5_dt0.004,107.0,1.0,0.0,-3.007386995445458,1.9864105286999283,4.033951282501221,4.033951282501221,9.055338042792691,16.88552457277791,-0.4707554578781128,-0.6205059885978699
figure8_size10_dt0.004,109.0,1.0,0.0,-3.0276084255556253,1.9960992189995739,4.013597011566162,4.013597011566162,12.342926042823633,22.955168001361017,0.009801417589187622,-0.5933235287666321
mixed_trajectory_001,123.0,1.0,0.0,-3.495486613338397,2.1171318188052233,4.0196099281311035,4.0196099281311035,27.340290613836533,53.625069837722265,0.8278875350952148,0.051185838878154755
s_curve_length20_dt0.004,107.0,1.0,0.0,-2.6785677798499616,1.9746892638330427,4.010267734527588,4.010267734527588,5.439942660588133,10.43780826383474,0.007336631417274475,-0.18165311217308044
sine_amplitude2_dt0.004,195.0,1.0,0.0,-5.915678870861499,2.6271800002799583,4.001430034637451,4.001430034637451,61.30512862229908,117.67155807430788,2.738468885421753,-0.5779044032096863
straight_length100_dt0.004,181.0,1.0,0.0,-5.349957266609263,2.536839835695634,4.002132892608643,4.002132892608643,56.49848530488055,108.9839581044061,2.4661407470703125,0.0819060206413269
