reference_name,steps,terminated,success,mean_reward,mean_pos_error,max_pos_error,final_pos_error,mean_yaw_error_deg,final_yaw_error_deg,final_along_track_error,final_lateral_error
circle_radius5_dt0.004,200.0,0.0,0.0,-3.9467138140226496,0.982683961391449,1.4817837476730347,1.4817837476730347,85.97842138362763,116.46649966908592,0.13614913821220398,1.465967059135437
figure8_size10_dt0.004,200.0,0.0,0.0,-6.378796742753521,1.6359561713039874,3.045264720916748,3.045264720916748,60.14449764764686,115.24032838423969,1.1947157382965088,-2.6246304512023926
mixed_trajectory_001,200.0,0.0,0.0,-2.628248898985724,0.6913841120153665,0.8478274345397949,0.6564618945121765,87.84541546281085,119.56514329388631,0.5175454616546631,0.20702168345451355
s_curve_length20_dt0.004,200.0,0.0,0.0,-6.078605007076176,1.511802721619606,3.142319440841675,3.142319440841675,87.26614827034987,139.03412171634812,2.464355230331421,-1.9115450382232666
sine_amplitude2_dt0.004,167.0,1.0,0.0,-3.8919457655718763,1.6135420592245227,4.010417938232422,4.010417938232422,20.609726339102625,59.444949074524175,-2.9863290786743164,0.7165420055389404
straight_length100_dt0.004,200.0,0.0,0.0,-2.9786868150848096,1.2105931267142296,1.506994366645813,1.0727866888046265,68.14777341020034,119.32504606475273,-0.44087672233581543,0.1747296005487442
