reference_name,steps,terminated,success,initial_pos_error,mean_reward,mean_pos_error,max_pos_error,final_pos_error,mean_yaw_error_deg,final_yaw_error_deg,mean_loss,max_abs_steer,max_throttle,action_saturation_rate
circle_radius5_dt0.004,30,True,False,0.2947416305541992,-0.1759364642056786,1.129623078306516,2.003817081451416,2.003817081451416,7.423236587953641,6.664478087038191,0.1759364642056786,0.01844210922718048,0.11996433883905411,0.9666666666666667
figure8_size10_dt0.004,59,True,False,0.29161155223846436,-0.17619043640707668,1.187885106115018,2.012909412384033,2.012909412384033,3.7370840394352536,3.6631553610587844,0.1762443658309585,0.025981562212109566,0.11986954510211945,0.9830508474576272
mixed_trajectory_001,492,True,False,0.3866216838359833,-0.18175558411865975,1.238359911231006,2.0037906169891357,2.0037906169891357,4.4618752216646715,2.7898284386209298,0.1927528371995957,0.024956444278359413,0.11985359340906143,1.0
s_curve_length20_dt0.004,331,True,False,0.44744062423706055,-0.09882328057229028,0.8296006605524311,2.002986431121826,2.002986431121826,3.185575336976448,3.4193217708383656,0.10295128338658607,0.030863860622048378,0.11999600380659103,0.9969788519637462
sine_amplitude2_dt0.004,715,True,False,0.3384692966938019,-0.28862422173373725,1.3721083123158742,2.004023551940918,2.004023551940918,9.678416497253234,10.764163961072484,0.28862422173373725,0.04027824103832245,0.11999290436506271,0.9986013986013986
straight_length100_dt0.004,829,False,False,0.42627033591270447,-0.10413166253878985,0.7923441517410578,1.1851916313171387,0.8284138441085815,4.874983745646493,4.247339875142103,0.10413166253878985,0.05294295772910118,0.11996565014123917,1.0
