episode,mean_reward,mean_pos_error
40.0,-0.27437129005008704,1.0549856424331665
80.0,-0.2621112245115443,1.3994512557983398
120.0,-0.43287601315645835,1.3589850664138794
