reference_name,steps,terminated,success,mean_reward,mean_pos_error,max_pos_error,final_pos_error,mean_yaw_error_deg,final_yaw_error_deg,final_along_track_error,final_lateral_error
circle_radius5_dt0.004,120.0,0.0,0.0,-9.456788497484244,1.6790271354839206,2.602848768234253,2.5985960960388184,93.65695660500907,170.864228784876,-0.7047325968742371,-2.495079278945923
figure8_size10_dt0.004,120.0,0.0,0.0,-6.309918054521656,1.4648145743180065,2.1140401363372803,2.075654983520508,94.2973434102416,170.56540550784007,1.1212776899337769,-1.734566330909729
mixed_trajectory_001,120.0,0.0,0.0,-3.2026400097587375,1.2575566272096088,1.7693873643875122,1.7626382112503052,86.96947834079661,162.23196966220002,1.7548270225524902,0.04617498815059662
s_curve_length20_dt0.004,120.0,0.0,0.0,-5.406241995704037,1.5868826483376324,2.601027488708496,2.601027488708496,87.60607918932769,165.97747584107222,2.12416672706604,-1.4949406385421753
sine_amplitude2_dt0.004,120.0,0.0,0.0,-3.1525754542414433,1.0910107399026552,1.4007283449172974,1.1399253606796265,91.21524959014742,178.37880708575938,1.1008894443511963,-0.29070204496383667
straight_length100_dt0.004,120.0,0.0,0.0,-3.087206776919402,1.0885714905026058,1.3985438346862793,1.1315653324127197,91.18672981056173,178.32204863342469,1.1292749643325806,0.048777662217617035
