{
  "reference_name": "straight_length100_dt0.004",
  "steps": 213,
  "final_info": {
    "bundle_name": "forward",
    "predicted_delta_x": 0.010072525590658188,
    "predicted_delta_y": 5.4826952691655606e-05,
    "predicted_delta_z": 1.3486063835443929e-05,
    "predicted_delta_yaw": 0.10771705210208893,
    "step": 213,
    "reference_name": "straight_length100_dt0.004",
    "reference_type": "follow",
    "raw_action_throttle": -0.052701570093631744,
    "raw_action_steering": 0.17304474115371704,
    "applied_action_throttle": 0.0,
    "applied_action_steering": 0.17304474115371704,
    "reference_action_throttle": 0.053333282470703125,
    "reference_action_steering": 0.0,
    "reward": -16.44514194037523,
    "pos_error": 4.0114216804504395,
    "quat_error": 1.3361358496266256,
    "yaw_error_deg": 76.55494422613475,
    "along_track_error": -3.865952491760254,
    "lateral_error": -0.08942520618438721,
    "smooth_penalty": 0.007000744342803955,
    "direction_mismatch_penalty": 0.0,
    "reference_action_gap": 0.18107710778713226,
    "success_bonus": 0.0,
    "failure_penalty": 5.0,
    "terminated": 1.0,
    "success": 0.0
  },
  "policy_path": "B:\\code\\carla\\QCar_WorldModel-main\\PDHModel\\rl_from_il_v2\\policy_controller.pth",
  "deterministic": true
}