reference_name,steps,terminated,success,mean_reward,mean_pos_error,max_pos_error,final_pos_error,mean_yaw_error_deg,final_yaw_error_deg,final_along_track_error,final_lateral_error
circle_radius5_dt0.004,300.0,0.0,0.0,-9.099870570265667,1.7984537403782208,2.7645750045776367,2.665196180343628,81.8697549483692,110.43214219769062,-1.5960936546325684,-1.7525699138641357
figure8_size10_dt0.004,300.0,0.0,0.0,-5.92397909453086,1.5251805736683308,2.2470662593841553,1.6721783876419067,82.77758578768109,115.55286003282232,-0.19224947690963745,-1.2699506282806396
mixed_trajectory_001,300.0,0.0,0.0,-4.5970883045055055,1.527740720299383,2.3102827072143555,1.4867700338363647,82.95964357370806,120.64885568951377,-1.0538891553878784,0.13605599105358124
s_curve_length20_dt0.004,300.0,0.0,0.0,-4.419362627366114,1.381361501533538,2.236496925354004,1.5815459489822388,82.95035006031993,119.55896102464172,0.8125402927398682,-0.8722290396690369
sine_amplitude2_dt0.004,300.0,0.0,0.0,-6.4460097581229805,1.7643568654668829,3.1103100776672363,2.3325343132019043,82.92656851939924,120.48250131984994,-2.082886219024658,-0.10973642766475677
straight_length100_dt0.004,300.0,0.0,0.0,-6.362896126814584,1.7538343939495584,3.0937485694885254,2.3004565238952637,82.95824719417864,120.70923771083969,-2.0479488372802734,0.13689425587654114
