{
  "reference_name": "straight_length100_dt0.004",
  "steps": 272,
  "final_info": {
    "bundle_name": "forward",
    "predicted_delta_x": 0.035705748945474625,
    "predicted_delta_y": -0.0009716075728647411,
    "predicted_delta_z": 0.0005765950190834701,
    "predicted_delta_yaw": -1.7086822986602783,
    "step": 272,
    "reference_name": "straight_length100_dt0.004",
    "reference_type": "follow",
    "raw_action_throttle": 0.35761040449142456,
    "raw_action_steering": -0.9088271260261536,
    "applied_action_throttle": 0.35761040449142456,
    "applied_action_steering": -0.9088271260261536,
    "reference_action_throttle": 0.05333423614501953,
    "reference_action_steering": 0.0,
    "reward": -26.91453547729225,
    "pos_error": 4.024077892303467,
    "quat_error": 0.6887285686454948,
    "yaw_error_deg": 39.46124354600812,
    "along_track_error": -4.0171098709106445,
    "lateral_error": 0.04887233301997185,
    "along_track_penalty": 12.909737371974188,
    "smooth_penalty": 0.0050440579652786255,
    "direction_mismatch_penalty": 0.0,
    "reference_action_gap": 0.9584105014801025,
    "success_bonus": 0.0,
    "failure_penalty": 5.0,
    "terminated": 1.0,
    "success": 0.0
  },
  "policy_path": "B:\\code\\carla\\QCar_WorldModel-main\\PDHModel\\rl_from_il_v3\\policy_controller.pth",
  "deterministic": true
}