reference_name,steps,terminated,success,initial_pos_error,mean_reward,mean_pos_error,max_pos_error,final_pos_error,mean_yaw_error_deg,final_yaw_error_deg,mean_loss,max_abs_steer,max_throttle,action_saturation_rate
circle_radius5_dt0.004,50,True,False,0.0,-0.13357545946519317,1.019985019415617,2.0291748046875,2.0291748046875,0.9112304150869494,4.140545246013602,0.13357545946519317,0.18446573615074158,0.08822082728147507,0.0
figure8_size10_dt0.004,37,True,False,0.0,-0.14167890673445607,1.0590944463336789,2.042279005050659,2.042279005050659,1.117591726482947,2.2294359894362685,0.14167890673445607,0.22040118277072906,0.08584359288215637,0.0
mixed_trajectory_001,55,True,False,0.0,-0.13436655686027638,1.0151133299551227,2.004899501800537,2.004899501800537,2.865630246211862,5.110635553812472,0.13436655686027638,0.12291843444108963,0.06860081851482391,0.0
s_curve_length20_dt0.004,50,True,False,0.0,-0.1372811524034111,1.033788756802678,2.014477014541626,2.014477014541626,2.2329030232657097,1.789155299705726,0.1372811524034111,0.18409882485866547,0.07940005511045456,0.0
sine_amplitude2_dt0.004,50,True,False,0.0,-0.13625416232901985,1.0255351308733225,2.011819362640381,2.011819362640381,2.658840730422514,4.305611196110561,0.13625416232901985,0.14211112260818481,0.06756630539894104,0.0
straight_length100_dt0.004,50,True,False,0.0,-0.13488315134320514,1.0207707117497922,2.008687734603882,2.008687734603882,2.5753448385709485,4.570831803026664,0.13488315134320514,0.12258414924144745,0.06558683514595032,0.0
