reference_name,steps,terminated,success,initial_pos_error,mean_reward,mean_pos_error,max_pos_error,final_pos_error,mean_yaw_error_deg,final_yaw_error_deg,mean_loss,max_abs_steer,max_throttle,action_saturation_rate
circle_radius5_dt0.004,38,True,False,0.0,-0.12870180725739389,0.984257862265957,2.0156800746917725,2.0156800746917725,2.585617115919784,4.416309644306352,0.12870180725739389,0.059251878410577774,0.11998150497674942,0.9736842105263158
figure8_size10_dt0.004,65,True,False,0.0,-0.16879492221340914,1.1536756799198113,2.0116353034973145,2.0116353034973145,2.885387598540903,4.103793608110777,0.16879492221340914,0.033644095063209534,0.11992090195417404,0.9846153846153847
mixed_trajectory_001,387,True,False,0.0,-0.12166849037498781,0.8489414894813792,2.00175404548645,2.00175404548645,7.8605953457444295,11.61026719170502,0.12763248835896074,0.03384969010949135,0.11999756842851639,1.0
s_curve_length20_dt0.004,347,True,False,0.0,-0.20110194411935575,1.2168480173633662,2.0144474506378174,2.0144474506378174,2.5002978030186194,3.2592896293023443,0.20637264430610436,0.03374540060758591,0.11999620497226715,0.9971181556195965
sine_amplitude2_dt0.004,829,False,False,0.0,-0.0581753516229438,0.6320766946806408,0.8258486390113831,0.7797276973724365,4.009037818615398,4.17681924909553,0.0581753516229438,0.01465870626270771,0.11995819956064224,1.0
straight_length100_dt0.004,594,True,False,0.0,-0.09372743288521272,0.7959434434815439,2.001103162765503,2.001103162765503,4.858276227487597,11.678796377686155,0.09372743288521272,0.024174634367227554,0.1199805736541748,1.0
