reference_name,steps,terminated,success,initial_pos_error,mean_reward,mean_pos_error,max_pos_error,final_pos_error,mean_yaw_error_deg,final_yaw_error_deg,mean_loss,max_abs_steer,max_throttle,action_saturation_rate
circle_radius5_dt0.004,42,True,False,0.22909854352474213,-0.21041188389397483,1.0323831595125652,2.0028650760650635,2.0028650760650635,13.641738482323387,18.8442813519284,0.21041188389397483,0.1503172069787979,0.08234182745218277,0.0
figure8_size10_dt0.004,33,True,False,0.35871925950050354,-0.16523334846699037,1.1292599123535734,2.0389225482940674,2.0389225482940674,4.602184676235947,0.11045859468339359,0.16523334846699037,0.1513713002204895,0.07967114448547363,0.0
mixed_trajectory_001,63,True,False,0.4044550657272339,-0.23845690933199104,0.9510827596698489,2.0009515285491943,2.0009515285491943,16.10447765580996,26.894955560777987,0.23845690933199104,0.2126966416835785,0.0795588344335556,0.0
s_curve_length20_dt0.004,58,True,False,0.42533499002456665,-0.24407317387568211,0.9607929962462393,2.0091354846954346,2.0091354846954346,16.596533890958487,26.541375924236462,0.24407317387568211,0.20051787793636322,0.08054627478122711,0.0
sine_amplitude2_dt0.004,38,True,False,0.44115719199180603,-0.18891127080137152,1.2347536463486521,2.0222361087799072,2.0222361087799072,3.6974432810705777,8.541273088526765,0.18891127080137152,0.18262812495231628,0.0793614611029625,0.0
straight_length100_dt0.004,46,True,False,0.48735472559928894,-0.28179189970036994,1.215662656918816,2.001753091812134,2.001753091812134,15.535663538793877,23.70424885351568,0.28179189970036994,0.2138112634420395,0.07842505723237991,0.0
