reference_name,steps,terminated,success,initial_pos_error,mean_reward,mean_pos_error,max_pos_error,final_pos_error,mean_yaw_error_deg,final_yaw_error_deg,mean_loss,max_abs_steer,max_throttle,action_saturation_rate
circle_radius5_dt0.004,34,True,False,0.154709130525589,-0.18138741279716836,0.8587203012669787,1.6338642835617065,1.6338642835617065,12.230962694864775,31.719233116882435,0.18138741279716836,0.3445453345775604,0.11976569145917892,0.5588235294117647
figure8_size10_dt0.004,28,True,False,0.5078235268592834,-0.19936959612978344,1.2967368215322495,2.0309345722198486,2.0309345722198486,0.829541732634361,0.6070643845504833,0.19936959612978344,0.1167769506573677,0.03480623662471771,0.0
mixed_trajectory_001,61,True,False,0.09796465933322906,-0.14407746060502985,0.9820915632194183,2.0202410221099854,2.0202410221099854,6.589099337007129,3.772704328035445,0.14407746060502985,0.24366328120231628,0.03568630293011665,0.0
s_curve_length20_dt0.004,58,True,False,0.3345663547515869,-0.14158390164235535,1.0221008550504158,2.030850648880005,2.030850648880005,4.639212930136321,1.8005967024705853,0.14158390164235535,0.26924386620521545,0.05296140909194946,0.0
sine_amplitude2_dt0.004,40,True,False,0.5055719017982483,-0.19473233855614902,1.2785522058606147,2.0413453578948975,2.0413453578948975,1.1791141198674282,1.5006172245255698,0.19473233855614902,0.19411589205265045,0.03480623662471771,0.0
straight_length100_dt0.004,59,True,False,0.5624279379844666,-0.15035340513652448,1.0610844179735346,2.0262908935546875,2.0262908935546875,5.269334510855602,2.3706477096872334,0.15035340513652448,0.274085134267807,0.03480623662471771,0.0
