episode,mean_reward,mean_pos_error
50.0,-0.389883390885897,1.2119134664535522
100.0,-0.28861175222461943,1.00641930103302
120.0,-0.30861546522979694,1.501530408859253
