reference_name,steps,terminated,success,initial_pos_error,mean_reward,mean_pos_error,max_pos_error,final_pos_error,mean_yaw_error_deg,final_yaw_error_deg,mean_loss,max_abs_steer,max_throttle,action_saturation_rate
circle_radius5_dt0.004,41,True,False,0.33132204413414,-0.16401117975744323,1.1350096805793484,2.0383567810058594,2.0383567810058594,4.308516801021042,7.533099125618293,0.16401117975744323,0.2532498836517334,0.10482536256313324,0.21951219512195122
figure8_size10_dt0.004,31,True,False,0.3643263578414917,-0.18434036833807846,1.2187293046905148,2.0401484966278076,2.0401484966278076,2.998207064501516,0.926125289447981,0.18434036833807846,0.40139248967170715,0.11827342957258224,0.16129032258064516
mixed_trajectory_001,44,True,False,0.41248658299446106,-0.18656922646446805,1.2237403033809229,2.0115840435028076,2.0115840435028076,3.758226683146999,6.655232490045648,0.18656922646446805,0.37903308868408203,0.11717164516448975,0.06818181818181818
s_curve_length20_dt0.004,46,True,False,0.17989115417003632,-0.15457909300705183,1.1183612489182015,2.02225661277771,2.02225661277771,1.7251599837826108,2.0190894089387825,0.15457909300705183,0.3412638306617737,0.11867515742778778,0.10869565217391304
sine_amplitude2_dt0.004,48,True,False,0.18513402342796326,-0.1503536390039073,1.0903548188507557,2.0279695987701416,2.0279695987701416,2.6231174845295135,5.954297499692302,0.1503536390039073,0.37931132316589355,0.11825583130121231,0.0625
straight_length100_dt0.004,50,True,False,0.37378010153770447,-0.14915353733382256,1.0835377210378647,2.013986587524414,2.013986587524414,2.7066384239682306,7.7489825467253866,0.14915353733382256,0.40170642733573914,0.11971122771501541,0.06
