reference_name,steps,terminated,success,initial_pos_error,mean_reward,mean_pos_error,max_pos_error,final_pos_error,mean_yaw_error_deg,final_yaw_error_deg,mean_loss,max_abs_steer,max_throttle,action_saturation_rate
circle_radius5_dt0.004,39,True,False,0.5352054834365845,-0.1996836411304014,1.2507539788881938,2.028752326965332,2.028752326965332,5.527600442685734,5.152601928644543,0.1996836411304014,0.13369084894657135,0.1082974374294281,0.02564102564102564
figure8_size10_dt0.004,47,True,False,0.5468854904174805,-0.11467141180499471,0.9240927027261003,2.045699119567871,2.045699119567871,3.0706702138431625,0.5768724315056488,0.11783480913301132,0.2144293487071991,0.08738331496715546,0.0
mixed_trajectory_001,57,True,False,0.19682975113391876,-0.18331898341509456,0.9721212666808513,2.0206491947174072,2.0206491947174072,12.36670755611778,11.402340837078896,0.1839269776988565,0.31744563579559326,0.07281547039747238,0.0
s_curve_length20_dt0.004,38,True,False,0.4519881010055542,-0.20440104009143747,1.2503546217554493,2.011629343032837,2.011629343032837,6.378674011545923,2.0269607536664296,0.20440104009143747,0.34159061312675476,0.08092042058706284,0.0
sine_amplitude2_dt0.004,40,True,False,0.43168899416923523,-0.19722616553315986,1.2358622618019581,2.023789644241333,2.023789644241333,6.2798485348667255,6.124810078747544,0.19722616553315986,0.15587975084781647,0.06396079063415527,0.0
straight_length100_dt0.004,49,True,False,0.2660975456237793,-0.172805677985194,1.0817468227172384,2.0372445583343506,2.0372445583343506,8.624679927015096,9.026655521487896,0.172805677985194,0.10656247287988663,0.0600627064704895,0.0
