reference_name,steps,terminated,success,initial_pos_error,mean_reward,mean_pos_error,max_pos_error,final_pos_error,mean_yaw_error_deg,final_yaw_error_deg,mean_loss,max_abs_steer,max_throttle,action_saturation_rate
circle_radius5_dt0.004,40,True,False,0.0,-0.12154646996559512,0.9193312875926495,2.0049173831939697,2.0049173831939697,3.5776818640763146,14.261956732277184,0.12154646996559512,0.41151192784309387,0.11703348904848099,0.6
figure8_size10_dt0.004,33,True,False,0.0,-0.1651070814011396,0.7873641711970171,1.4556703567504883,1.4556703567504883,11.958003617451823,32.02631201824349,0.1651070814011396,0.44802236557006836,0.11859429627656937,0.7878787878787878
mixed_trajectory_001,623,True,False,0.0,-0.0912316713164833,0.7609492760109767,2.00862717628479,2.00862717628479,5.2926338483625806,20.45191741678093,0.09268833298955766,0.3332884609699249,0.11769305914640427,0.27287319422150885
s_curve_length20_dt0.004,169,True,False,0.0,-0.16301416944346192,1.1284343966409651,2.0014734268188477,2.0014734268188477,2.7168795215000774,8.8557890917522,0.16301416944346192,0.239863783121109,0.1124095767736435,0.3076923076923077
sine_amplitude2_dt0.004,307,True,False,0.0,-0.09104730214941094,0.847744183517774,2.002645969390869,2.002645969390869,1.6883580625419792,5.482871619039798,0.09104730214941094,0.43394413590431213,0.1174008846282959,0.3127035830618892
straight_length100_dt0.004,829,False,False,0.0,-0.08017440864785828,0.7951704640709879,1.0046583414077759,1.0001795291900635,1.8510443572898436,0.03398085380038651,0.08065124174374244,0.3278542160987854,0.1130894124507904,0.571773220747889
