{
  "reference_name": "straight_length100_dt0.004",
  "steps": 119,
  "final_info": {
    "bundle_name": "forward",
    "predicted_delta_x": 0.03536714240908623,
    "predicted_delta_y": -0.000443402212113142,
    "predicted_delta_z": 0.00040710726170800626,
    "predicted_delta_yaw": -1.6266552209854126,
    "step": 119,
    "reference_name": "straight_length100_dt0.004",
    "reference_type": "follow",
    "raw_action_throttle": 0.4163605570793152,
    "raw_action_steering": -0.0017193460371345282,
    "applied_action_throttle": 0.4163605570793152,
    "applied_action_steering": -0.0017193460371345282,
    "reference_action_throttle": 0.053333282470703125,
    "reference_action_steering": 0.0,
    "reward": -6.125243733493559,
    "pos_error": 1.0532150268554688,
    "quat_error": 3.114313898588691,
    "yaw_error_deg": 178.43704251748693,
    "along_track_error": 1.0487278699874878,
    "lateral_error": 0.046265654265880585,
    "along_track_penalty": 0.05499150726442466,
    "smooth_penalty": 0.00033162912586703897,
    "direction_mismatch_penalty": 0.0,
    "reference_action_gap": 0.3630313277244568,
    "success_bonus": 0.0,
    "failure_penalty": 0.0,
    "terminated": 0.0,
    "success": 0.0
  },
  "policy_path": "B:\\code\\carla\\QCar_WorldModel-main\\PDHModel\\policy_controller_best.pth",
  "deterministic": true,
  "reference_action_blend": 0.25
}