reference_name,steps,terminated,success,initial_pos_error,mean_reward,mean_pos_error,max_pos_error,final_pos_error,mean_yaw_error_deg,final_yaw_error_deg,mean_loss,max_abs_steer,max_throttle,action_saturation_rate
circle_radius5_dt0.004,39,True,False,0.6415307521820068,-0.260556898259363,1.3194485811086802,2.034449338912964,2.034449338912964,6.020612136448929,9.33522542422051,0.260556898259363,0.24505656957626343,0.03480623662471771,0.0
figure8_size10_dt0.004,37,True,False,0.2697925567626953,-0.26370650967040377,1.0505086848059215,2.0449001789093018,2.0449001789093018,8.034500368374697,15.796554018249765,0.26370650967040377,0.2185695320367813,0.09813714027404785,0.0
mixed_trajectory_001,50,True,False,0.153403177857399,-0.25264511198902606,1.076147703230381,2.0351274013519287,2.0351274013519287,2.6997619417453675,5.361020464244177,0.25264511198902606,0.0931653156876564,0.10801210254430771,0.02
s_curve_length20_dt0.004,44,True,False,0.3956637382507324,-0.2828026435129511,1.1502796404741027,2.008150815963745,2.008150815963745,5.800641437625186,7.2874779884072325,0.2828026435129511,0.18999040126800537,0.11500436812639236,0.045454545454545456
sine_amplitude2_dt0.004,46,True,False,0.41805145144462585,-0.2714742585893192,1.176035693158274,2.040804624557495,2.040804624557495,4.553376895317453,3.85879270182474,0.2714742585893192,0.18907740712165833,0.10691417753696442,0.021739130434782608
straight_length100_dt0.004,50,True,False,0.10381331294775009,-0.23707415241658006,1.0156660586595536,2.014291286468506,2.014291286468506,5.085153574825241,1.3208957959256509,0.23707415241658006,0.06033039838075638,0.1125909611582756,0.06
