reference_name,steps,terminated,success,initial_pos_error,mean_reward,mean_pos_error,max_pos_error,final_pos_error,mean_yaw_error_deg,final_yaw_error_deg,mean_loss,max_abs_steer,max_throttle,action_saturation_rate
circle_radius5_dt0.004,48,True,False,0.4650767743587494,-0.2469286818539176,1.1969009786844254,2.0172665119171143,2.0172665119171143,13.71366231204562,14.486440253474711,0.2469286818539176,0.11637672781944275,0.07502661645412445,0.0
figure8_size10_dt0.004,41,True,False,0.37860605120658875,-0.1827530890451452,1.0223454716728955,2.0363998413085938,2.0363998413085938,11.298266253029684,14.50229855616729,0.1827530890451452,0.42663249373435974,0.0692186951637268,0.0975609756097561
mixed_trajectory_001,42,True,False,0.6377648115158081,-0.21798581039288661,1.3116945695309412,2.0129318237304688,2.0129318237304688,5.1897435620842085,9.899506984395828,0.21798581039288661,0.4052917957305908,0.05276280269026756,0.047619047619047616
s_curve_length20_dt0.004,41,True,False,0.46587300300598145,-0.19137402175085277,1.238825896164266,2.0111632347106934,2.0111632347106934,3.8866578142722985,8.860814184773005,0.19137402175085277,0.4065113365650177,0.04968222603201866,0.04878048780487805
sine_amplitude2_dt0.004,59,True,False,0.26786431670188904,-0.1282546177706011,0.9309250108771405,2.0338525772094727,2.0338525772094727,4.795388264655612,2.005311444851145,0.1282546177706011,0.38604575395584106,0.04030432552099228,0.0
straight_length100_dt0.004,40,True,False,0.49015283584594727,-0.19166258364354008,1.2549232140183448,2.002833843231201,2.002833843231201,2.850330088648259,2.797618055597411,0.19166258364354008,0.3880554437637329,0.04064250364899635,0.0
