reference_name,steps,terminated,success,initial_pos_error,mean_reward,mean_pos_error,max_pos_error,final_pos_error,mean_yaw_error_deg,final_yaw_error_deg,mean_loss,max_abs_steer,max_throttle,action_saturation_rate
circle_radius5_dt0.004,21,True,False,0.12455400079488754,-0.13098724943561024,0.41799467943963553,0.8781988024711609,0.8781988024711609,13.086990793861181,30.49622630120868,0.13098724943561024,0.26748645305633545,0.11291888356208801,0.6666666666666666
figure8_size10_dt0.004,36,True,False,0.5045862793922424,-0.18918891260427473,0.933987951113118,2.0340254306793213,2.0340254306793213,13.521362268362378,19.041639899431743,0.18918891260427473,0.31122922897338867,0.11247691512107849,0.8333333333333334
mixed_trajectory_001,40,True,False,0.2886601686477661,-0.17748633419841314,0.9677277989685535,2.0082509517669678,2.0082509517669678,11.963779778577853,10.073297533258682,0.17748633419841314,0.15608800947666168,0.11471027135848999,0.925
s_curve_length20_dt0.004,38,True,False,0.3439452648162842,-0.3020507320780901,0.9933599743403887,2.022836208343506,2.022836208343506,20.60059642714893,23.399275025719277,0.3020507320780901,0.1995106339454651,0.11256410926580429,0.8157894736842105
sine_amplitude2_dt0.004,51,True,False,0.6919478178024292,-0.14214546523286745,1.0030715284394283,2.0533225536346436,2.0533225536346436,6.182924092460497,2.333327676883499,0.14214546523286745,0.2044283002614975,0.11803662776947021,0.803921568627451
straight_length100_dt0.004,46,True,False,0.41715890169143677,-0.12251443184328395,0.9546165220115496,2.0257151126861572,2.0257151126861572,3.8547562036722693,1.9730853670963029,0.12251443184328395,0.031216882169246674,0.1177377700805664,0.8478260869565217
