episode,mean_reward,mean_pos_error
1.0,-2.139615885582783,1.320422887802124
