episode,steps,episode_reward,avg_pos_error,actor_loss,critic_loss,alpha
1.0,10.0,12.8272202790503,0.15047617200762034,-0.37661851942539215,2.9413468837738037,0.09991096705198288
