reference_name,steps,terminated,success,initial_pos_error,mean_reward,mean_pos_error,max_pos_error,final_pos_error,mean_yaw_error_deg,final_yaw_error_deg,mean_loss,max_abs_steer,max_throttle,action_saturation_rate
circle_radius5_dt0.004,51,True,False,0.04305769130587578,-0.1639669967342074,1.0311631179761653,2.0120253562927246,2.0120253562927246,8.099882300578107,3.8564040760754494,0.1639669967342074,0.23379337787628174,0.06452646106481552,0.0
figure8_size10_dt0.004,28,True,False,0.5820185542106628,-0.22079611875102753,1.2418206589562553,2.058868646621704,2.058868646621704,9.494832320376279,14.721602458414992,0.22079611875102753,0.26955151557922363,0.09563598781824112,0.0
mixed_trajectory_001,42,True,False,0.363864541053772,-0.15038069302199525,1.0892508349248342,2.02630615234375,2.02630615234375,3.5825560785662094,4.8253173883365434,0.15038069302199525,0.25383612513542175,0.10218790918588638,0.4523809523809524
s_curve_length20_dt0.004,45,True,False,0.35039108991622925,-0.23891964885665962,0.9495091014438205,2.0433216094970703,2.0433216094970703,15.41329767974583,25.196707887897134,0.23891964885665962,0.1963520646095276,0.09513184428215027,0.0
sine_amplitude2_dt0.004,45,True,False,0.3596503734588623,-0.14287830112169211,0.9033696230914857,2.0315468311309814,2.0315468311309814,8.004963896515976,13.303639371531176,0.14287830112169211,0.1428970992565155,0.09765854477882385,0.0
straight_length100_dt0.004,37,True,False,0.46071892976760864,-0.2008802694027701,1.2003482346599166,2.0275328159332275,2.0275328159332275,8.487867479782768,5.516190613001612,0.2008802694027701,0.06177085265517235,0.10183060169219971,0.32432432432432434
