episode,mean_reward,mean_pos_error
6.0,-8.32339949764689,2.4977643489837646
12.0,-7.5917270872758715,2.354948043823242
18.0,-7.3707012897627635,2.1443958282470703
24.0,-8.59359966345893,2.429511785507202
