reference_name,steps,terminated,success,initial_pos_error,mean_reward,mean_pos_error,max_pos_error,final_pos_error,mean_yaw_error_deg,final_yaw_error_deg,mean_loss,max_abs_steer,max_throttle,action_saturation_rate
circle_radius5_dt0.004,43,True,False,0.34513744711875916,-0.19420376624479563,1.1976976186730142,2.0154359340667725,2.0154359340667725,7.4421503635612645,7.859487459457341,0.19420376624479563,0.1351611465215683,0.04459334537386894,0.0
figure8_size10_dt0.004,45,True,False,0.4328409731388092,-0.1265499581913807,0.9311875792013274,2.0272626876831055,2.0272626876831055,5.193142091301732,6.419866694688835,0.1265499581913807,0.07168165594339371,0.05507402494549751,0.0
mixed_trajectory_001,52,True,False,0.30857643485069275,-0.18485742204023187,1.0963855976095567,2.012613534927368,2.012613534927368,9.895925598025638,10.188986297647716,0.18485742204023187,0.09172654151916504,0.0575360544025898,0.0
s_curve_length20_dt0.004,51,True,False,0.13863462209701538,-0.14027124565873697,1.0557763970950071,2.0216543674468994,2.0216543674468994,1.7895090628648171,0.9375988162788929,0.14027124565873697,0.0753391906619072,0.05401456728577614,0.0
sine_amplitude2_dt0.004,48,True,False,0.31140005588531494,-0.1538683058735724,1.1278149833281834,2.029085397720337,2.029085397720337,1.161510674812824,1.1105801541721974,0.1538683058735724,0.09660068154335022,0.05314233526587486,0.0
straight_length100_dt0.004,42,True,False,0.34744954109191895,-0.1871557285219875,1.1909844052223932,2.0194971561431885,2.0194971561431885,6.69478864464428,6.556615712874674,0.1871557285219875,0.12141993641853333,0.05880667641758919,0.0
