episode,mean_reward,mean_pos_error
6.0,-7.058864952993325,2.134559154510498
12.0,-7.457935747841612,2.214414358139038
18.0,-6.973845003304066,2.0448713302612305
24.0,-7.606519048186825,2.292398691177368
