reference_name,steps,terminated,success,mean_reward,mean_pos_error,max_pos_error,final_pos_error,mean_yaw_error_deg,final_yaw_error_deg,final_along_track_error,final_lateral_error
circle_radius5_dt0.004,200.0,0.0,0.0,-10.936763833446612,2.0143148423731327,3.6009366512298584,3.6009366512298584,59.310395932987234,83.81543551474792,-1.0537452697753906,-2.972191095352173
figure8_size10_dt0.004,178.0,1.0,0.0,-4.978675026552127,2.2312406113978183,4.016846656799316,4.016846656799316,22.618557137436895,40.27643067101124,-0.6153280735015869,-1.1146749258041382
mixed_trajectory_001,200.0,0.0,0.0,-4.400772692552955,1.8945898691564798,2.8241145610809326,2.1229138374328613,62.53874423950725,136.95116940236758,-0.12991082668304443,0.28565308451652527
s_curve_length20_dt0.004,200.0,0.0,0.0,-4.668422154978342,1.9215435871481896,2.8160932064056396,2.8160932064056396,61.78733267666221,117.73412228204553,2.036492347717285,-1.077110767364502
sine_amplitude2_dt0.004,200.0,0.0,0.0,-5.079858203374276,2.264988680779934,2.993971586227417,2.7683169841766357,70.53938632767206,120.31128334558895,1.544833779335022,-0.00897987186908722
straight_length100_dt0.004,200.0,0.0,0.0,-5.230871443852072,2.1457430613040924,2.6575117111206055,2.3530490398406982,75.11458294421192,118.3252811781105,1.3848917484283447,0.5992963910102844
