reference_name,steps,terminated,success,mean_reward,mean_pos_error,max_pos_error,final_pos_error,mean_yaw_error_deg,final_yaw_error_deg,final_along_track_error,final_lateral_error
circle_radius5_dt0.004,98.0,1.0,0.0,-0.15165505572470642,0.9933237427351426,2.012026071548462,2.012026071548462,7.27808904969559,1.4159403387905058,0.0,0.0
figure8_size10_dt0.004,124.0,1.0,0.0,-0.1281376068047757,0.9519798423974745,2.009181261062622,2.009181261062622,5.192883816581666,10.510820736869249,0.0,0.0
mixed_trajectory_001,132.0,1.0,0.0,-0.13185139810300467,0.987427054706848,2.0069007873535156,2.0069007873535156,4.2852320787115055,5.296767067749215,0.0,0.0
s_curve_length20_dt0.004,94.0,1.0,0.0,-0.20119419613250722,1.1676018003453599,2.007779598236084,2.007779598236084,9.491707130502663,10.198982790338079,0.0,0.0
sine_amplitude2_dt0.004,109.0,1.0,0.0,-0.13587045126431005,1.0124998898544442,2.0204672813415527,2.0204672813415527,3.9089587718824497,2.6157829056116384,0.0,0.0
straight_length100_dt0.004,100.0,1.0,0.0,-0.18571157995321155,1.230715445280075,2.0105695724487305,2.0105695724487305,2.8659293326378146,2.7145827564650347,0.0,0.0
