reference_name,steps,terminated,success,initial_pos_error,mean_reward,mean_pos_error,max_pos_error,final_pos_error,mean_yaw_error_deg,final_yaw_error_deg,mean_loss,max_abs_steer,max_throttle,action_saturation_rate
circle_radius5_dt0.004,55,True,False,0.5712326169013977,-0.1727574191484986,1.0774292664094405,2.0198400020599365,2.0198400020599365,2.9563524100003025,6.813303934309033,0.1727574191484986,0.3783510625362396,0.03480623662471771,0.0
figure8_size10_dt0.004,25,True,False,0.5160703659057617,-0.3341530777689371,1.273396110534668,2.0199124813079834,2.0199124813079834,13.562066746061282,24.6877479808401,0.3341530777689371,0.39924079179763794,0.0959692969918251,0.0
mixed_trajectory_001,38,True,False,0.44754359126091003,-0.19824341164199005,1.2049317979498912,2.0337438583374023,2.0337438583374023,5.274022108211459,2.188611057315427,0.19824341164199005,0.0559130422770977,0.09769921749830246,0.0
s_curve_length20_dt0.004,42,True,False,0.5156222581863403,-0.20623526591879907,1.110040314140774,2.008929491043091,2.008929491043091,6.218547254891689,7.960501087173924,0.20623526591879907,0.12749800086021423,0.09738494455814362,0.0
sine_amplitude2_dt0.004,41,True,False,0.4227740168571472,-0.18133874531580055,0.9961288571357727,2.0327298641204834,2.0327298641204834,10.736109298411852,12.998999224071042,0.18133874531580055,0.11237247288227081,0.09567999839782715,0.0
straight_length100_dt0.004,35,True,False,0.6085401177406311,-0.24835464806519814,1.2752581068447657,2.0144052505493164,2.0144052505493164,5.9258476216392895,7.564041121728792,0.24835464806519814,0.3952484130859375,0.09976696968078613,0.0
