reference_name,steps,terminated,success,mean_reward,mean_pos_error,max_pos_error,final_pos_error,mean_yaw_error_deg,final_yaw_error_deg,final_along_track_error,final_lateral_error
circle_radius5_dt0.004,300.0,0.0,0.0,-8.359309865654192,1.7313390876663228,2.644676923751831,2.5461456775665283,81.30613115132554,92.68975501676765,-1.5579180717468262,-1.522897481918335
figure8_size10_dt0.004,300.0,0.0,0.0,-5.686649842695134,1.5099942200817167,2.147341012954712,1.701224446296692,82.25583583788239,114.34459086315336,-0.2765364646911621,-1.218029499053955
mixed_trajectory_001,300.0,0.0,0.0,-4.602199492678329,1.539182543680072,2.320610761642456,1.579676628112793,82.45429584708285,117.15418333456371,-1.1191109418869019,0.11760338395833969
s_curve_length20_dt0.004,300.0,0.0,0.0,-4.489310491777218,1.4041299537196756,2.2791748046875,1.6118474006652832,82.1687469759737,115.2181538629786,0.7365232706069946,-0.8514037132263184
sine_amplitude2_dt0.004,300.0,0.0,0.0,-6.255065789139579,1.7473041894224783,3.0680577754974365,2.412074565887451,82.55034712458253,113.09828359824172,-2.140594720840454,-0.12144199013710022
straight_length100_dt0.004,300.0,0.0,0.0,-6.163832269504879,1.7366369589604438,3.052643060684204,2.3854310512542725,82.55115043029616,113.06394044872464,-2.1107640266418457,0.1181441992521286
