{
  "reference_name": "straight_length100_dt0.004",
  "steps": 299,
  "final_info": {
    "bundle_name": "forward",
    "predicted_delta_x": 0.0353609099984169,
    "predicted_delta_y": -0.0004885094822384417,
    "predicted_delta_z": 0.00043622704106383026,
    "predicted_delta_yaw": -1.6412606239318848,
    "step": 299,
    "reference_name": "straight_length100_dt0.004",
    "reference_type": "follow",
    "raw_action_throttle": 0.5235109925270081,
    "raw_action_steering": 0.059317007660865784,
    "applied_action_throttle": 0.5235109925270081,
    "applied_action_steering": 0.059317007660865784,
    "reference_action_throttle": 0.05333232879638672,
    "reference_action_steering": 0.0,
    "reward": -9.260297132575735,
    "pos_error": 2.347956418991089,
    "quat_error": 1.963505702934884,
    "yaw_error_deg": 112.50058884260316,
    "along_track_error": -2.074249267578125,
    "lateral_error": 0.13414062559604645,
    "along_track_penalty": 3.4420080192387106,
    "smooth_penalty": 0.0006264098919928074,
    "direction_mismatch_penalty": 0.0,
    "reference_action_gap": 0.4739055633544922,
    "success_bonus": 0.0,
    "failure_penalty": 0.0,
    "terminated": 0.0,
    "success": 0.0
  },
  "policy_path": "B:\\code\\carla\\QCar_WorldModel-main\\PDHModel\\il_controller_v2\\policy_controller_il.pth",
  "deterministic": true
}