reference_name,steps,terminated,success,initial_pos_error,mean_reward,mean_pos_error,max_pos_error,final_pos_error,mean_yaw_error_deg,final_yaw_error_deg,mean_loss,max_abs_steer,max_throttle,action_saturation_rate
circle_radius5_dt0.004,138,True,False,0.4708177447319031,-0.1599194740067289,1.1434353164572646,2.00510311126709,2.00510311126709,2.0864553402124875,3.611334392138019,0.1599194740067289,0.32737281918525696,0.1197916567325592,0.050724637681159424
figure8_size10_dt0.004,159,True,False,0.585214376449585,-0.13723317694420317,1.040017789264895,2.0139873027801514,2.0139873027801514,1.4558949810189659,0.5505049810324181,0.13782904991994846,0.4449124038219452,0.11999564617872238,0.09433962264150944
mixed_trajectory_001,111,True,False,0.30156904458999634,-0.15803237092879108,1.1012610261504714,2.0252232551574707,2.0252232551574707,4.825650139779285,9.195958527876144,0.15803237092879108,0.3129299283027649,0.11996680498123169,0.06306306306306306
s_curve_length20_dt0.004,149,True,False,0.15714438259601593,-0.14379099743752255,0.992183630798487,2.013880729675293,2.013880729675293,5.442668257119827,0.7494805121071693,0.14379099743752255,0.4452953338623047,0.11997669190168381,0.10067114093959731
sine_amplitude2_dt0.004,88,True,False,0.5932140350341797,-0.19424189586632776,1.2503730099309573,2.0011887550354004,2.0011887550354004,3.7746440360727984,11.812531883274033,0.19424189586632776,0.44185516238212585,0.1106875091791153,0.056818181818181816
straight_length100_dt0.004,90,True,False,0.5487669110298157,-0.19123821807314248,1.2391621549924214,2.0151586532592773,2.0151586532592773,3.9642389420121122,11.53201206743509,0.19123821807314248,0.3725022077560425,0.11793720722198486,0.022222222222222223
