{
  "reference_name": "circle_radius5_dt0.004",
  "steps": 299,
  "final_info": {
    "bundle_name": "forward",
    "predicted_delta_x": 0.03574727475643158,
    "predicted_delta_y": -0.0003595257585402578,
    "predicted_delta_z": 0.00031628235592506826,
    "predicted_delta_yaw": -1.5382347106933594,
    "step": 299,
    "reference_name": "circle_radius5_dt0.004",
    "reference_type": "follow",
    "raw_action_throttle": 0.33037978410720825,
    "raw_action_steering": -0.05485953390598297,
    "applied_action_throttle": 0.33037978410720825,
    "applied_action_steering": -0.05485953390598297,
    "reference_action_throttle": 0.016754591837525368,
    "reference_action_steering": 0.0014181517763063312,
    "reward": -9.950871576568895,
    "pos_error": 2.972243309020996,
    "quat_error": 1.2666673566400042,
    "yaw_error_deg": 71.33842476673601,
    "smooth_penalty": 0.011776644736528397,
    "direction_mismatch_penalty": 0.0,
    "reference_action_gap": 0.3186344802379608,
    "success_bonus": 0.0,
    "failure_penalty": 0.0,
    "terminated": 0.0,
    "success": 0.0
  },
  "policy_path": "B:\\code\\carla\\QCar_WorldModel-main\\PDHModel\\rl_short_eval_v2\\policy_controller.pth",
  "deterministic": true
}