reference_name,steps,terminated,success,mean_reward,mean_pos_error,max_pos_error,final_pos_error,mean_yaw_error_deg,final_yaw_error_deg,final_along_track_error,final_lateral_error
circle_radius5_dt0.004,300.0,0.0,0.0,-13.101698634863938,2.175921582467854,3.384701728820801,1.398080587387085,84.95075904858898,26.003330268460417,-1.22564697265625,-0.17258495092391968
figure8_size10_dt0.004,300.0,0.0,0.0,-7.52850348786712,1.7969880249785881,2.6258742809295654,1.655659556388855,82.64267011757188,42.91819728959058,-1.2509591579437256,-0.35980772972106934
mixed_trajectory_001,300.0,0.0,0.0,-4.802555701720338,1.6925117505776386,2.4656403064727783,2.4313502311706543,83.11307702093524,48.47471177305735,-2.2267253398895264,0.09742505848407745
s_curve_length20_dt0.004,300.0,0.0,0.0,-7.90793780818961,2.0771007211723673,3.3025615215301514,0.4214930236339569,88.85906787062945,10.467150966117714,-0.29848742485046387,-0.2796946167945862
sine_amplitude2_dt0.004,300.0,0.0,0.0,-6.414276585116344,1.8126977203041315,3.3674423694610596,3.278411865234375,81.93819436476393,60.966712623222406,-3.059760570526123,-0.030918806791305542
straight_length100_dt0.004,300.0,0.0,0.0,-6.556771112061242,1.82401054246972,3.4211983680725098,3.2873611450195312,81.19724086400801,67.03203756155419,-3.0203542709350586,0.09786288440227509
