epoch,train_loss
1.0,0.038485149930541716
2.0,0.019436192310725648
3.0,0.027367067440839794
4.0,0.02520337700843811
5.0,0.024005647418865312
6.0,0.020985732970681664
