reference_name,steps,terminated,success,mean_reward,mean_pos_error,max_pos_error,final_pos_error,mean_yaw_error_deg,final_yaw_error_deg,final_along_track_error,final_lateral_error
circle_radius5_dt0.004,200.0,0.0,0.0,-7.703255907262572,1.6518731182813644,3.1454360485076904,3.1454360485076904,117.43297558588667,130.08651670549693,-0.8071534633636475,1.1727051734924316
figure8_size10_dt0.004,124.0,1.0,0.0,-4.410933219813638,2.2834454707561003,4.012814998626709,4.012814998626709,23.891507006310732,65.93873015493375,-0.35658106207847595,0.29027101397514343
mixed_trajectory_001,96.0,1.0,0.0,-5.625924814347003,2.1160146221518517,4.030997276306152,4.030997276306152,22.19302071547286,3.7840330786713707,-2.3658688068389893,0.5000466704368591
s_curve_length20_dt0.004,200.0,0.0,0.0,-7.4760002356913535,2.4417463982105256,3.3245272636413574,2.642063856124878,89.48969774254407,148.59337532837276,2.3421268463134766,-1.222604513168335
sine_amplitude2_dt0.004,89.0,1.0,0.0,-7.687024176549959,1.91177619675572,4.029375076293945,4.029375076293945,64.02948042814153,59.53686575356119,-3.808068037033081,0.00847846269607544
straight_length100_dt0.004,92.0,1.0,0.0,-7.61543446761226,1.9659151545037394,4.014662265777588,4.014662265777588,56.972941601426584,45.40985157219234,-3.602004289627075,-0.5809091329574585
