reference_name,steps,terminated,success,mean_reward,mean_pos_error,max_pos_error,final_pos_error,mean_yaw_error_deg,final_yaw_error_deg,final_along_track_error,final_lateral_error
circle_radius5_dt0.004,95.0,1.0,0.0,-0.1389636073837438,0.9345435377798582,2.001188278198242,2.001188278198242,7.2585332252115675,0.20403201632763057,0.0,0.0
figure8_size10_dt0.004,110.0,1.0,0.0,-0.1752753290882444,1.0547770310531963,2.0125937461853027,2.0125937461853027,8.847698718383898,9.881468580471022,0.0,0.0
mixed_trajectory_001,120.0,1.0,0.0,-0.14978866963102458,1.0826645652453104,2.001420497894287,2.001420497894287,2.778360904842893,4.380834992753307,0.0,0.0
s_curve_length20_dt0.004,100.0,1.0,0.0,-0.24467429553036213,1.3555747842788697,2.013420581817627,2.013420581817627,6.435613409453654,8.867028427707737,0.0,0.0
sine_amplitude2_dt0.004,111.0,1.0,0.0,-0.13731260418291655,0.9478172470588941,2.0035269260406494,2.0035269260406494,5.837168874464137,0.980015697857425,0.0,0.0
straight_length100_dt0.004,89.0,1.0,0.0,-0.18721838731544924,1.139770897586694,2.0064055919647217,2.0064055919647217,7.139687497778286,2.3074362802427686,0.0,0.0
