{
  "num_steps": 90,
  "mae_pos": [
    0.057085324078798294,
    0.013617218472063541,
    1.4150372743606567
  ],
  "rmse_pos": [
    0.12273605912923813,
    0.017423545941710472,
    1.71536123752594
  ],
  "mae_quat": [
    -0.0019843520130962133,
    -0.10943081974983215,
    0.0019913502037525177,
    -0.0030313313473016024
  ],
  "rmse_quat": [
    0.00305332918651402,
    0.12979350984096527,
    0.0023382625076919794,
    0.004192861262708902
  ]
}