episode,mean_reward,mean_pos_error
1.0,-0.7111719421840892,0.7617536783218384
