episode,mean_reward,mean_pos_error
50.0,-0.4330489460065808,1.2826416492462158
100.0,-0.21598591483201662,1.2791305780410767
120.0,-0.32461155054081303,1.3369250297546387
