reference_name,steps,terminated,success,initial_pos_error,mean_reward,mean_pos_error,max_pos_error,final_pos_error,mean_yaw_error_deg,final_yaw_error_deg,mean_loss,max_abs_steer,max_throttle,action_saturation_rate
circle_radius5_dt0.004,52,True,False,0.10396385937929153,-0.25912888114251953,1.054123155772686,2.021040916442871,2.021040916442871,16.188381427622442,22.664950782003444,0.25912888114251953,0.44999998807907104,0.10578363388776779,0.15384615384615385
figure8_size10_dt0.004,41,True,False,0.43970832228660583,-0.15488460805908094,0.9741183588417565,2.009906053543091,2.009906053543091,7.8070321873091935,12.655580466457877,0.15488460805908094,0.25035369396209717,0.11321252584457397,0.17073170731707318
mixed_trajectory_001,52,True,False,0.46356210112571716,-0.1656510501391278,1.130428702212297,2.03066086769104,2.03066086769104,4.765872435946092,4.291482244439891,0.1656510501391278,0.21554094552993774,0.11999999731779099,0.3269230769230769
s_curve_length20_dt0.004,46,True,False,0.5392426252365112,-0.17646352107036464,1.1780517373396002,2.021538734436035,2.021538734436035,4.502220301423275,4.043500892342138,0.17646352107036464,0.12265782058238983,0.11999999731779099,0.21739130434782608
sine_amplitude2_dt0.004,40,True,False,0.5531331896781921,-0.19835248720634358,1.2608946800231933,2.040247917175293,2.040247917175293,4.337386090890213,3.3689409055390627,0.19835248720634358,0.19167929887771606,0.11999999731779099,0.325
straight_length100_dt0.004,45,True,False,0.32840266823768616,-0.14984208610649863,1.0208203547530703,2.0144174098968506,2.0144174098968506,6.119394337917353,5.313988303751017,0.14984208610649863,0.23774918913841248,0.11999999731779099,0.3111111111111111
