reference_name,steps,terminated,success,initial_pos_error,mean_reward,mean_pos_error,max_pos_error,final_pos_error,mean_yaw_error_deg,final_yaw_error_deg,mean_loss,max_abs_steer,max_throttle,action_saturation_rate
circle_radius5_dt0.004,48,True,False,0.0,-0.13903361411074855,1.0175229930318892,2.0224592685699463,2.0224592685699463,0.34535610325730853,1.7486495666860833,0.13903361411074855,0.43872976303100586,0.11942175775766373,0.0625
figure8_size10_dt0.004,52,True,False,0.0,-0.1802132036781327,1.0516310226028929,2.0308706760406494,2.0308706760406494,7.527257097648548,18.716082444748793,0.1802132036781327,0.3964689075946808,0.11217359453439713,0.5384615384615384
mixed_trajectory_001,349,True,False,0.0,-0.06590174771175365,0.5569593991582578,2.021631956100464,2.021631956100464,6.2293409745828345,14.64756372086444,0.06708631418445071,0.2098924219608307,0.09753867983818054,0.0
s_curve_length20_dt0.004,244,True,False,0.0,-0.23951762437003818,1.3001918613483183,2.0060794353485107,2.0060794353485107,5.560009644978066,12.994416931049841,0.23996696549032814,0.41559576988220215,0.11030842363834381,0.39344262295081966
sine_amplitude2_dt0.004,290,True,False,0.0,-0.1169464391136567,0.911833742402237,2.0077288150787354,2.0077288150787354,4.131566814627767,15.56681848180935,0.1169464391136567,0.2624130845069885,0.10429658740758896,0.3620689655172414
straight_length100_dt0.004,317,True,False,0.0,-0.06300166056677656,0.572378889977791,2.01111102104187,2.01111102104187,5.660356842598091,12.959063809787978,0.06300166056677656,0.20782871544361115,0.09753867983818054,0.0
