{
  "reference_name": "circle_radius5_dt0.004",
  "steps": 299,
  "final_info": {
    "bundle_name": "forward",
    "predicted_delta_x": 0.03529886156320572,
    "predicted_delta_y": -0.0005497212987393141,
    "predicted_delta_z": 0.0004552489554043859,
    "predicted_delta_yaw": -1.6409276723861694,
    "step": 299,
    "reference_name": "circle_radius5_dt0.004",
    "reference_type": "follow",
    "raw_action_throttle": 0.5155963897705078,
    "raw_action_steering": 0.02905360981822014,
    "applied_action_throttle": 0.5155963897705078,
    "applied_action_steering": 0.02905360981822014,
    "reference_action_throttle": 0.016754591837525368,
    "reference_action_steering": 0.0014181517763063312,
    "reward": -13.369515827660893,
    "pos_error": 2.624281167984009,
    "quat_error": 1.7450560621309628,
    "yaw_error_deg": 99.2258983749583,
    "along_track_error": -1.5642071962356567,
    "lateral_error": -1.6385776996612549,
    "along_track_penalty": 1.9573953222043317,
    "smooth_penalty": 0.0005072247586213052,
    "direction_mismatch_penalty": 0.0,
    "reference_action_gap": 0.4996066987514496,
    "success_bonus": 0.0,
    "failure_penalty": 0.0,
    "terminated": 0.0,
    "success": 0.0
  },
  "policy_path": "B:\\code\\carla\\QCar_WorldModel-main\\PDHModel\\il_controller_v2\\policy_controller_il.pth",
  "deterministic": true
}