epoch,train_loss
1.0,0.054253853391855955
2.0,0.04487971437629312
