episode,mean_reward,mean_pos_error
6.0,-6.640917505806141,2.133981704711914
12.0,-6.755178697821427,2.2092418670654297
18.0,-7.02628575469161,2.2049591541290283
24.0,-9.183775035772626,2.611234426498413
