{
  "reference_name": "circle_radius5_dt0.004",
  "steps": 178,
  "final_info": {
    "bundle_name": "forward",
    "predicted_delta_x": 0.03545790910720825,
    "predicted_delta_y": 0.0016733816592022777,
    "predicted_delta_z": 0.0005989861092530191,
    "predicted_delta_yaw": -0.6720615029335022,
    "step": 178,
    "reference_name": "circle_radius5_dt0.004",
    "reference_type": "follow",
    "raw_action_throttle": 0.8032552003860474,
    "raw_action_steering": 0.24148622155189514,
    "applied_action_throttle": 0.8032552003860474,
    "applied_action_steering": 0.24148622155189514,
    "reference_action_throttle": 0.01675553433597088,
    "reference_action_steering": 0.00157928466796875,
    "reward": -36.59351167768997,
    "pos_error": 4.00933313369751,
    "quat_error": 1.5631604354584778,
    "yaw_error_deg": 89.24252638673785,
    "along_track_error": -1.1728181838989258,
    "lateral_error": -3.175506591796875,
    "along_track_penalty": 1.1004019939871796,
    "smooth_penalty": 0.11799406260251999,
    "direction_mismatch_penalty": 0.0,
    "reference_action_gap": 0.8222755789756775,
    "success_bonus": 0.0,
    "failure_penalty": 5.0,
    "terminated": 1.0,
    "success": 0.0
  },
  "policy_path": "B:\\code\\carla\\QCar_WorldModel-main\\PDHModel\\rl_from_il_v3\\policy_controller.pth",
  "deterministic": true
}