reference_name,steps,terminated,success,mean_reward,mean_pos_error,max_pos_error,final_pos_error,mean_yaw_error_deg,final_yaw_error_deg,final_along_track_error,final_lateral_error
circle_radius5_dt0.004,300.0,0.0,0.0,-8.218661405871906,1.7144950862166781,2.649831771850586,2.649831771850586,81.33521389026224,100.85924487674633,-1.577961802482605,-1.671169400215149
figure8_size10_dt0.004,300.0,0.0,0.0,-5.5849984013610285,1.4882102609239518,2.113813877105713,1.671473741531372,82.707012894042,118.95238803240427,-0.19609785079956055,-1.2659159898757935
mixed_trajectory_001,300.0,0.0,0.0,-4.434962650846393,1.5221435680550834,2.2016658782958984,1.5248562097549438,82.73173407363775,114.03917744759359,-1.063626766204834,0.13356317579746246
s_curve_length20_dt0.004,300.0,0.0,0.0,-4.682671940595951,1.4269609588508805,2.380335569381714,1.6289397478103638,82.85373172860452,116.22088767441666,0.8513213396072388,-0.8965209722518921
sine_amplitude2_dt0.004,300.0,0.0,0.0,-6.133934943900655,1.7329891191174587,3.0163938999176025,2.3495781421661377,82.7556397322145,114.12695286987704,-2.0842342376708984,-0.11175933480262756
straight_length100_dt0.004,300.0,0.0,0.0,-6.052978452656465,1.7235665494389831,3.002864360809326,2.3245034217834473,82.76252266664476,114.14350249156543,-2.0550460815429688,0.1345788985490799
