reference_name,steps,terminated,success,mean_reward,mean_pos_error,max_pos_error,final_pos_error,mean_yaw_error_deg,final_yaw_error_deg,final_along_track_error,final_lateral_error
circle_radius5_dt0.004,300.0,0.0,0.0,-8.868394042094371,1.7791064174721638,2.736907958984375,2.5637781620025635,81.70449426365396,105.58252123536181,-1.5753803253173828,-1.5998739004135132
figure8_size10_dt0.004,300.0,0.0,0.0,-7.3193544812366875,1.686644842127959,2.652447462081909,1.5856356620788574,83.31022298335178,84.61829234223603,-0.3548972010612488,-1.1514906883239746
mixed_trajectory_001,300.0,0.0,0.0,-4.641889056537152,1.5415566737515232,2.3358683586120605,1.5520734786987305,82.68304418760607,119.39702530977178,-1.1185202598571777,0.1184331476688385
s_curve_length20_dt0.004,300.0,0.0,0.0,-6.0962540945106936,1.691967405018707,2.920090675354004,1.3510321378707886,83.98728353032459,76.96077674095767,0.5946992635726929,-0.7747483253479004
sine_amplitude2_dt0.004,300.0,0.0,0.0,-5.961548322175865,1.7192174511775375,2.9631175994873047,2.4299230575561523,82.95135787236786,103.1912027025706,-2.1783478260040283,-0.11733278632164001
straight_length100_dt0.004,300.0,0.0,0.0,-5.425776250503085,1.672441576042523,2.7778682708740234,2.414598226547241,83.71315735968034,87.35830190370116,-2.2075512409210205,0.11580371856689453
