reference_name,steps,terminated,success,initial_pos_error,mean_reward,mean_pos_error,max_pos_error,final_pos_error,mean_yaw_error_deg,final_yaw_error_deg,mean_loss,max_abs_steer,max_throttle,action_saturation_rate
circle_radius5_dt0.004,36,True,False,0.41466182470321655,-0.25227283464583894,0.5563354889551798,0.7148491740226746,0.7148491740226746,22.583474542194914,30.086764479624634,0.25227283464583894,0.4499993324279785,0.09640327095985413,0.9722222222222222
figure8_size10_dt0.004,62,True,False,0.06207364797592163,-0.16121645037419946,0.42115365629715307,0.8137648105621338,0.8137648105621338,16.277880952754852,30.272218200841678,0.16125478626113357,0.44999998807907104,0.09397058188915253,0.9516129032258065
mixed_trajectory_001,129,True,False,0.28997084498405457,-0.22320470843133486,1.0011463980804118,1.8438313007354736,1.8438313007354736,14.006853895039573,30.111284940035546,0.2237398760810697,0.44999998807907104,0.1088186502456665,0.9844961240310077
s_curve_length20_dt0.004,61,True,False,0.5675498843193054,-0.21539416480155513,0.7530261698316355,1.0162253379821777,1.0162253379821777,17.358988385610864,30.100130899688907,0.21539416480155513,0.44999998807907104,0.09510108828544617,0.9672131147540983
sine_amplitude2_dt0.004,27,True,False,0.5338126420974731,-0.23442095010256953,0.43802182100437304,0.5193198323249817,0.4573371410369873,21.19469512762927,30.37053350479181,0.23706394422825364,0.44999960064888,0.11692491173744202,0.9259259259259259
straight_length100_dt0.004,110,True,False,0.26521244645118713,-0.24292818471097657,1.1007748985832388,2.0104475021362305,2.0104475021362305,13.282496588199596,19.821834461292184,0.24292818471097657,0.44999998807907104,0.1122666522860527,0.9818181818181818
