reference_name,steps,terminated,success,initial_pos_error,mean_reward,mean_pos_error,max_pos_error,final_pos_error,mean_yaw_error_deg,final_yaw_error_deg,mean_loss,max_abs_steer,max_throttle,action_saturation_rate
circle_radius5_dt0.004,133,True,False,0.6182003021240234,-0.17870430416149047,1.1917695004240911,2.0264174938201904,2.0264174938201904,3.9931102522491706,2.436840155597082,0.17870430416149047,0.20038650929927826,0.10079426318407059,0.007518796992481203
figure8_size10_dt0.004,133,True,False,0.4133026897907257,-0.13756066922474836,0.9849664351545778,2.0015172958374023,2.0015172958374023,5.906952564370531,6.383462399110613,0.13759095120767215,0.37718409299850464,0.11975472420454025,0.045112781954887216
mixed_trajectory_001,132,True,False,0.4943748414516449,-0.13678306495293482,0.9742723978830107,2.0265913009643555,2.0265913009643555,6.1532278116066195,9.546447352935871,0.13726146343674583,0.2692956030368805,0.11986594647169113,0.045454545454545456
s_curve_length20_dt0.004,147,True,False,0.2711489200592041,-0.13120596093894596,0.9500087128610027,2.0068130493164062,2.0068130493164062,6.177389402938283,6.002985655198756,0.1312093972176752,0.24898436665534973,0.11960244923830032,0.05442176870748299
sine_amplitude2_dt0.004,101,True,False,0.22978071868419647,-0.1574253967792212,0.9443447120708994,2.0229098796844482,2.0229098796844482,10.207143777650687,13.246625743576573,0.15749770560076953,0.34652528166770935,0.11962540447711945,0.0594059405940594
straight_length100_dt0.004,121,True,False,0.4822394847869873,-0.12860790783190928,0.9427184014280966,2.0288729667663574,2.0288729667663574,5.768394257725468,10.554223814520327,0.12934915544301423,0.2738431394100189,0.11980060487985611,0.04132231404958678
