reference_name,steps,terminated,success,initial_pos_error,mean_reward,mean_pos_error,max_pos_error,final_pos_error,mean_yaw_error_deg,final_yaw_error_deg,mean_loss,max_abs_steer,max_throttle,action_saturation_rate
circle_radius5_dt0.004,44,True,False,0.0,-0.12660911369683434,0.9671138726513494,2.0503344535827637,2.0503344535827637,2.879748241124289,8.381627106041805,0.12660911369683434,0.20608802139759064,0.08057644963264465,0.0
figure8_size10_dt0.004,49,True,False,0.0,-0.1639392202760807,1.1176026499240983,2.010650873184204,2.010650873184204,3.004459524911459,11.345742841959861,0.1639392202760807,0.2692160904407501,0.10001589357852936,0.02040816326530612
mixed_trajectory_001,87,True,False,0.0,-0.13804402124657372,1.0288673174064393,2.003465414047241,2.003465414047241,3.1063401699657276,3.172585793092537,0.13804402124657372,0.19330693781375885,0.06078534945845604,0.0
s_curve_length20_dt0.004,102,True,False,0.0,-0.22016313512675464,1.2474962456115322,2.006857395172119,2.006857395172119,5.941220332806247,17.239650368240603,0.22016313512675464,0.2242710143327713,0.1036839485168457,0.17647058823529413
sine_amplitude2_dt0.004,75,True,False,0.0,-0.1398375777339683,1.043642326494058,2.008780002593994,2.008780002593994,2.375901918008222,0.4911088026324535,0.1398375777339683,0.23283502459526062,0.06803824752569199,0.0
straight_length100_dt0.004,75,True,False,0.0,-0.1394569652196372,1.0388189588238796,2.024174451828003,2.024174451828003,2.691471208500846,2.6129666660231123,0.1394569652196372,0.19399939477443695,0.06078534945845604,0.0
